{"cameraMode":{"drawMode":0,"name":"Shaded","section":"Shading Mode"},"sceneLighting":false,"audioPlay":false,"sceneViewState":{"m_AlwaysRefresh":false,"showFog":true,"showSkybox":false,"showFlares":true,"showImageEffects":true,"showParticleSystems":true,"showVisualEffectGraphs":true,"m_FxEnabled":true},"in2DMode":false,"pivot":{"x":715.3200073242188,"y":10.329999923706055,"z":749.9860229492188},"rotation":{"x":0.08921852707862854,"y":0.4699653089046478,"z":-0.047817714512348178,"w":0.8768660426139832},"size":0.9999958872795105,"orthographic":true}